{
  "name": "女巫长袍",
  "category": "gear",
  "icon": "bewitchment:witches_hat",
  "pages": [
	{
	  "type": "text",
	  "text": "女巫长袍是巫术人员的首选服装，并能提供天生的魔法抗性"
	},
	{
	  "type": "crafting",
	  "recipe": "bewitchment:equipment/armor/witches_hat",
	  "recipe2": "bewitchment:equipment/armor/witches_cowl"
	},
	{
	  "type": "crafting",
	  "recipe": "bewitchment:equipment/armor/witches_robes",
	  "recipe2": "bewitchment:equipment/armor/witches_pants"
	}
  ]
}
