{
  "triumph:vanilla/recipes/brewing/speckled_melon": {
    "criteria": {
      "has_the_recipe": "2019-08-25 15:57:04 +0800"
    },
    "done": true
  },
  "triumph:vanilla/recipes/brewing/fermented_spider_eye": {
    "criteria": {
      "has_the_recipe": "2019-08-25 15:57:04 +0800"
    },
    "done": true
  },
  "triumph:vanilla/recipes/brewing/glass_bottle": {
    "criteria": {
      "has_the_recipe": "2019-08-25 15:57:04 +0800"
    },
    "done": true
  },
  "triumph:example/example_recipe_unlocked": {
    "criteria": {
      "unlocked_recipe": "2019-08-25 15:57:04 +0800"
    },
    "done": true
  },
  "triumph:vanilla/recipes/brewing/golden_carrot": {
    "criteria": {
      "has_the_recipe": "2019-08-25 15:57:04 +0800"
    },
    "done": true
  },
  "triumph:vanilla/recipes/brewing/brewing_stand": {
    "criteria": {
      "has_the_recipe": "2019-08-25 15:57:04 +0800"
    },
    "done": true
  },
  "triumph:example/root": {
    "criteria": {
      "location": "2019-08-25 15:57:05 +0800"
    },
    "done": true
  },
  "triumph:vanilla/recipes/brewing/cauldron": {
    "criteria": {
      "has_the_recipe": "2019-08-25 15:57:04 +0800"
    },
    "done": true
  },
  "triumph:vanilla/recipes/brewing/blaze_powder": {
    "criteria": {
      "has_the_recipe": "2019-08-25 15:57:04 +0800"
    },
    "done": true
  },
  "triumph:vanilla/adventure/adventuring_time": {
    "criteria": {
      "beaches": "2019-08-25 15:57:05 +0800"
    },
    "done": false
  },
  "triumph:vanilla/recipes/brewing/magma_cream": {
    "criteria": {
      "has_the_recipe": "2019-08-25 15:57:04 +0800"
    },
    "done": true
  }
}