{"stat.leaveGame":3,"stat.drop.minecraft.redstone":1,"stat.pickup.sakura.rice_seeds":1,"stat.jump":322,"stat.swimOneCm":8083,"stat.climbOneCm":7646,"stat.drop.minecraft.stone":16,"stat.drop.minecraft.cobblestone":10,"stat.crouchOneCm":488,"stat.drop.taam.productionline_attachable":4,"stat.pickup.taam.productionline":12,"stat.useItem.minecraft.stone_slab2":668,"stat.pickup.compactmachines3.fieldprojector":2,"stat.useItem.minecraft.water_bucket":1,"stat.pickup.geolosys.cluster":1,"stat.drop.taam.productionline":10,"stat.pickup.minecraft.cobblestone":10,"stat.flyOneCm":755145,"stat.pickup.minecraft.wheat_seeds":1,"stat.pickup.compactmachines3.wallbreakable":16,"stat.drop.minecraft.wheat_seeds":1,"stat.drop.sakura.rice_seeds":1,"stat.damageDealt":15,"stat.pickup.growthcraft_milk.thistle_seed":1,"stat.timeSinceDeath":67733,"stat.pickup.bettergeo.glacialerratic":2,"stat.drop.minecraft.stick":3,"stat.walkOneCm":108644,"stat.drop.bettergeo.glacialerratic":2,"stat.pickup.minecraft.stick":2,"stat.useItem.taam.productionline_appliance":6,"stat.pickup.minecraft.crafting_table":1,"stat.furnaceInteraction":5,"stat.killEntity.Wolf":1,"stat.useItem.geolosys.pro_pick":177,"stat.pickup.minecraft.furnace":3,"stat.drop.minecraft.iron_ore":65,"stat.pickup.taam.productionline_attachable":4,"stat.pickup.academy.tutorial":1,"stat.pickup.minecraft.stone":4,"stat.sprintOneCm":42842,"stat.drop.minecraft.furnace":3,"stat.pickup.taam.dust":43,"stat.drop.growthcraft_milk.thistle_seed":1,"stat.useItem.taam.productionline_attachable":2,"stat.drop.taam.dust":41,"stat.mobKills":1,"stat.pickup.quark.sturdy_stone":1,"stat.deaths":1,"stat.drop":47,"stat.playOneMinute":119732,"stat.sneakTime":1381,"stat.diveOneCm":4563}